frequency,raw,error,smoothed,error_smoothed,equalization,parametric_eq,fixed_band_eq,equalized_raw,equalized_smoothed,target
20.00,-3.35,-12.04,-3.35,-12.05,6.00,5.95,2.87,2.65,2.65,8.69
20.20,-3.28,-11.98,-3.27,-11.98,6.00,5.96,2.95,2.72,2.73,8.70
20.40,-3.20,-11.91,-3.20,-11.91,6.00,5.96,3.03,2.80,2.80,8.71
20.61,-3.12,-11.84,-3.12,-11.84,6.00,5.97,3.12,2.88,2.88,8.72
20.81,-3.04,-11.76,-3.04,-11.76,6.00,5.97,3.20,2.96,2.96,8.72
21.02,-2.97,-11.70,-2.96,-11.69,6.00,5.98,3.30,3.03,3.04,8.73
21.23,-2.89,-11.63,-2.89,-11.63,6.00,5.98,3.39,3.11,3.11,8.74
21.44,-2.81,-11.56,-2.81,-11.56,6.00,5.99,3.48,3.19,3.19,8.76
21.66,-2.74,-11.50,-2.73,-11.49,6.00,5.99,3.58,3.26,3.27,8.76
21.87,-2.66,-11.42,-2.67,-11.43,6.00,5.99,3.68,3.34,3.33,8.77
22.09,-2.61,-11.37,-2.61,-11.38,6.00,6.00,3.79,3.39,3.39,8.76
22.31,-2.56,-11.33,-2.55,-11.32,6.00,6.00,3.89,3.44,3.45,8.77
22.54,-2.50,-11.27,-2.49,-11.27,6.00,6.01,4.00,3.50,3.51,8.77
22.76,-2.42,-11.20,-2.42,-11.20,6.00,6.01,4.12,3.58,3.58,8.78
22.99,-2.34,-11.12,-2.34,-11.12,6.00,6.01,4.23,3.66,3.66,8.78
23.22,-2.26,-11.04,-2.25,-11.04,6.00,6.01,4.35,3.74,3.75,8.78
23.45,-2.17,-10.95,-2.16,-10.95,6.00,6.02,4.47,3.83,3.84,8.79
23.69,-2.07,-10.85,-2.07,-10.86,6.00,6.02,4.59,3.93,3.93,8.79
23.92,-1.99,-10.77,-1.99,-10.78,6.00,6.02,4.72,4.01,4.01,8.78
24.16,-1.91,-10.70,-1.91,-10.70,6.00,6.02,4.85,4.09,4.09,8.79
24.40,-1.84,-10.64,-1.84,-10.63,6.00,6.03,4.98,4.16,4.16,8.80
24.65,-1.77,-10.57,-1.77,-10.57,6.00,6.03,5.11,4.23,4.23,8.80
24.89,-1.71,-10.50,-1.70,-10.50,6.00,6.03,5.24,4.29,4.30,8.80
25.14,-1.64,-10.43,-1.64,-10.43,6.00,6.03,5.38,4.36,4.36,8.79
25.39,-1.57,-10.36,-1.57,-10.36,6.00,6.03,5.52,4.43,4.43,8.79
25.65,-1.49,-10.28,-1.49,-10.28,6.00,6.03,5.65,4.51,4.51,8.79
25.91,-1.41,-10.20,-1.41,-10.20,6.00,6.03,5.79,4.59,4.59,8.79
26.16,-1.32,-10.11,-1.32,-10.11,6.00,6.03,5.93,4.68,4.68,8.80
26.43,-1.23,-10.02,-1.23,-10.02,6.00,6.03,6.07,4.77,4.77,8.79
26.69,-1.14,-9.93,-1.15,-9.94,6.00,6.03,6.20,4.86,4.85,8.79
26.96,-1.08,-9.87,-1.08,-9.86,6.00,6.03,6.34,4.92,4.92,8.79
27.23,-1.01,-9.79,-1.01,-9.79,6.00,6.03,6.47,4.99,4.99,8.79
27.50,-0.94,-9.72,-0.94,-9.72,6.00,6.03,6.60,5.06,5.06,8.78
27.77,-0.86,-9.65,-0.86,-9.64,6.00,6.03,6.73,5.14,5.14,8.79
28.05,-0.79,-9.57,-0.79,-9.57,6.00,6.03,6.85,5.21,5.21,8.79
28.33,-0.72,-9.50,-0.73,-9.51,6.00,6.02,6.96,5.28,5.27,8.78
28.62,-0.69,-9.47,-0.69,-9.47,6.00,6.02,7.07,5.31,5.31,8.78
28.90,-0.66,-9.44,-0.65,-9.44,6.00,6.02,7.17,5.34,5.35,8.79
29.19,-0.63,-9.41,-0.62,-9.41,6.00,6.02,7.26,5.37,5.38,8.78
29.48,-0.58,-9.36,-0.58,-9.36,6.00,6.01,7.35,5.42,5.42,8.78
29.78,-0.53,-9.30,-0.53,-9.31,6.00,6.01,7.42,5.47,5.47,8.78
30.08,-0.47,-9.25,-0.47,-9.25,6.00,6.00,7.48,5.53,5.53,8.78
30.38,-0.42,-9.19,-0.42,-9.19,6.00,6.00,7.54,5.58,5.58,8.77
30.68,-0.37,-9.13,-0.37,-9.13,6.00,5.99,7.58,5.63,5.63,8.76
30.99,-0.32,-9.08,-0.32,-9.08,6.00,5.99,7.61,5.68,5.68,8.76
31.30,-0.27,-9.02,-0.27,-9.02,6.00,5.98,7.62,5.73,5.73,8.75
31.61,-0.21,-8.96,-0.21,-8.96,6.00,5.97,7.63,5.79,5.79,8.75
31.93,-0.15,-8.88,-0.14,-8.88,6.00,5.97,7.62,5.85,5.86,8.73
32.24,-0.07,-8.81,-0.07,-8.80,6.00,5.96,7.61,5.93,5.93,8.74
32.57,0.00,-8.72,-0.00,-8.73,6.00,5.95,7.58,6.00,6.00,8.72
32.89,0.06,-8.66,0.06,-8.66,6.00,5.94,7.54,6.06,6.06,8.72
33.22,0.11,-8.60,0.12,-8.60,6.00,5.94,7.49,6.11,6.12,8.71
33.55,0.17,-8.53,0.18,-8.53,6.00,5.93,7.43,6.17,6.18,8.71
33.89,0.24,-8.46,0.25,-8.45,6.00,5.92,7.36,6.24,6.25,8.70
34.23,0.32,-8.36,0.32,-8.36,6.00,5.91,7.29,6.32,6.32,8.68
34.57,0.40,-8.27,0.39,-8.28,6.00,5.90,7.21,6.40,6.39,8.68
34.92,0.45,-8.21,0.46,-8.21,6.00,5.88,7.13,6.45,6.46,8.66
35.27,0.51,-8.15,0.51,-8.14,6.00,5.87,7.04,6.51,6.51,8.66
35.62,0.56,-8.07,0.56,-8.08,6.00,5.86,6.94,6.56,6.56,8.63
35.97,0.62,-8.00,0.62,-8.00,6.00,5.85,6.85,6.62,6.62,8.63
36.33,0.68,-7.92,0.68,-7.92,6.00,5.83,6.75,6.68,6.68,8.61
36.70,0.74,-7.85,0.74,-7.85,6.00,5.82,6.65,6.74,6.74,8.59
37.06,0.78,-7.79,0.78,-7.79,6.00,5.80,6.55,6.78,6.78,8.57
37.43,0.83,-7.72,0.83,-7.72,6.00,5.79,6.45,6.83,6.83,8.55
37.81,0.88,-7.65,0.89,-7.64,6.00,5.77,6.35,6.88,6.89,8.53
38.19,0.95,-7.56,0.96,-7.56,6.00,5.76,6.25,6.95,6.96,8.51
38.57,1.03,-7.46,1.03,-7.46,6.00,5.74,6.15,7.03,7.03,8.49
38.95,1.09,-7.38,1.09,-7.38,6.00,5.72,6.05,7.09,7.09,8.47
39.34,1.13,-7.31,1.14,-7.31,6.00,5.70,5.96,7.13,7.14,8.44
39.74,1.17,-7.24,1.17,-7.24,6.00,5.68,5.87,7.17,7.17,8.42
40.14,1.21,-7.18,1.21,-7.18,6.00,5.66,5.78,7.21,7.21,8.39
40.54,1.25,-7.12,1.25,-7.12,6.00,5.64,5.70,7.25,7.25,8.37
40.94,1.29,-7.05,1.30,-7.04,6.00,5.62,5.62,7.29,7.30,8.34
41.35,1.35,-6.96,1.36,-6.95,6.00,5.60,5.54,7.35,7.36,8.31
41.76,1.43,-6.85,1.43,-6.85,6.00,5.57,5.46,7.43,7.43,8.28
42.18,1.50,-6.75,1.50,-6.76,6.00,5.55,5.39,7.50,7.50,8.26
42.60,1.55,-6.67,1.55,-6.67,6.00,5.53,5.33,7.55,7.55,8.22
43.03,1.59,-6.59,1.59,-6.59,6.00,5.50,5.26,7.60,7.60,8.19
43.46,1.63,-6.52,1.64,-6.51,6.01,5.47,5.21,7.64,7.65,8.15
43.90,1.68,-6.43,1.68,-6.43,6.01,5.45,5.15,7.70,7.69,8.11
44.33,1.73,-6.34,1.73,-6.34,6.01,5.42,5.10,7.75,7.74,8.07
44.78,1.78,-6.25,1.79,-6.25,6.01,5.39,5.05,7.79,7.79,8.04
45.23,1.85,-6.16,1.85,-6.15,5.99,5.36,5.01,7.84,7.84,8.01
45.68,1.91,-6.05,1.92,-6.04,5.96,5.33,4.97,7.87,7.87,7.96
46.13,1.98,-5.93,1.97,-5.94,5.91,5.30,4.94,7.89,7.88,7.91
46.60,2.01,-5.86,2.01,-5.86,5.85,5.26,4.91,7.86,7.86,7.87
47.06,2.03,-5.79,2.04,-5.78,5.78,5.23,4.88,7.81,7.82,7.83
47.53,2.06,-5.72,2.07,-5.70,5.70,5.19,4.86,7.76,7.77,7.78
48.01,2.12,-5.60,2.12,-5.61,5.62,5.16,4.83,7.74,7.74,7.72
48.49,2.17,-5.50,2.17,-5.51,5.53,5.12,4.82,7.70,7.70,7.68
48.97,2.21,-5.41,2.20,-5.42,5.46,5.08,4.80,7.67,7.66,7.62
49.46,2.21,-5.36,2.22,-5.35,5.38,5.04,4.79,7.60,7.60,7.58
49.96,2.21,-5.30,2.22,-5.30,5.31,5.00,4.78,7.53,7.53,7.51
50.46,2.21,-5.25,2.21,-5.26,5.24,4.96,4.78,7.45,7.45,7.46
50.96,2.21,-5.20,2.21,-5.20,5.17,4.92,4.77,7.38,7.38,7.41
51.47,2.21,-5.15,2.23,-5.13,5.09,4.87,4.77,7.30,7.32,7.36
51.99,2.27,-5.03,2.27,-5.04,5.01,4.83,4.77,7.28,7.28,7.30
52.51,2.33,-4.92,2.33,-4.92,4.93,4.78,4.77,7.26,7.26,7.25
53.03,2.40,-4.81,2.39,-4.81,4.85,4.73,4.77,7.25,7.24,7.21
53.56,2.43,-4.72,2.42,-4.72,4.77,4.68,4.77,7.20,7.19,7.15
54.10,2.43,-4.65,2.44,-4.65,4.68,4.63,4.77,7.12,7.12,7.08
54.64,2.43,-4.60,2.44,-4.59,4.60,4.57,4.77,7.04,7.04,7.03
55.18,2.43,-4.53,2.43,-4.54,4.52,4.51,4.76,6.95,6.95,6.96
55.74,2.43,-4.47,2.43,-4.48,4.44,4.46,4.76,6.87,6.87,6.91
56.29,2.43,-4.42,2.45,-4.41,4.36,4.40,4.76,6.80,6.81,6.86
56.86,2.49,-4.31,2.50,-4.30,4.28,4.33,4.75,6.78,6.79,6.81
57.42,2.57,-4.16,2.57,-4.17,4.20,4.27,4.74,6.77,6.77,6.74
58.00,2.65,-4.03,2.63,-4.06,4.11,4.20,4.73,6.76,6.74,6.68
58.58,2.66,-3.98,2.66,-3.98,4.01,4.13,4.71,6.67,6.66,6.64
59.16,2.66,-3.92,2.67,-3.92,3.90,4.06,4.69,6.56,6.56,6.59
59.76,2.66,-3.87,2.68,-3.84,3.79,3.99,4.66,6.45,6.47,6.53
60.35,2.73,-3.72,2.74,-3.72,3.68,3.91,4.63,6.41,6.42,6.45
60.96,2.81,-3.57,2.81,-3.58,3.58,3.83,4.60,6.39,6.38,6.38
61.57,2.88,-3.42,2.86,-3.44,3.48,3.74,4.56,6.36,6.34,6.31
62.18,2.88,-3.34,2.89,-3.34,3.38,3.65,4.51,6.26,6.27,6.22
62.80,2.88,-3.27,2.89,-3.26,3.29,3.56,4.46,6.17,6.18,6.15
63.43,2.88,-3.20,2.88,-3.20,3.20,3.47,4.40,6.08,6.08,6.08
64.07,2.88,-3.13,2.88,-3.13,3.12,3.37,4.33,6.00,6.00,6.01
64.71,2.88,-3.06,2.88,-3.06,3.05,3.27,4.26,5.93,5.93,5.95
65.35,2.88,-3.00,2.88,-3.00,2.99,3.16,4.19,5.87,5.87,5.88
66.01,2.88,-2.93,2.88,-2.93,2.92,3.06,4.11,5.81,5.81,5.81
66.67,2.88,-2.87,2.88,-2.86,2.86,2.95,4.02,5.74,5.74,5.75
67.33,2.88,-2.79,2.88,-2.79,2.79,2.84,3.93,5.67,5.67,5.67
68.01,2.88,-2.71,2.88,-2.71,2.72,2.74,3.84,5.60,5.60,5.59
68.69,2.88,-2.64,2.88,-2.64,2.64,2.64,3.74,5.52,5.52,5.52
69.37,2.88,-2.57,2.88,-2.57,2.56,2.54,3.64,5.44,5.44,5.45
70.07,2.88,-2.49,2.88,-2.49,2.48,2.45,3.53,5.36,5.36,5.38
70.77,2.88,-2.41,2.88,-2.42,2.40,2.36,3.42,5.28,5.28,5.30
71.48,2.88,-2.33,2.89,-2.33,2.32,2.29,3.31,5.21,5.21,5.22
72.19,2.88,-2.25,2.88,-2.25,2.25,2.22,3.19,5.13,5.14,5.13
72.91,2.88,-2.17,2.87,-2.18,2.19,2.17,3.07,5.07,5.06,5.05
73.64,2.85,-2.11,2.85,-2.12,2.13,2.13,2.96,4.98,4.98,4.97
74.38,2.81,-2.08,2.82,-2.07,2.09,2.09,2.84,4.90,4.90,4.89
75.12,2.77,-2.04,2.76,-2.05,2.06,2.07,2.71,4.83,4.82,4.81
75.87,2.70,-2.04,2.70,-2.04,2.04,2.06,2.59,4.74,4.75,4.75
76.63,2.62,-2.04,2.63,-2.04,2.04,2.05,2.47,4.67,4.67,4.67
77.40,2.54,-2.05,2.53,-2.06,2.06,2.04,2.35,4.60,4.59,4.59
78.17,2.43,-2.08,2.43,-2.09,2.09,2.04,2.22,4.52,4.52,4.51
78.95,2.31,-2.14,2.32,-2.13,2.12,2.05,2.10,4.44,4.44,4.45
79.74,2.20,-2.17,2.20,-2.17,2.17,2.06,1.98,4.37,4.37,4.37
80.54,2.07,-2.22,2.07,-2.23,2.23,2.07,1.85,4.30,4.30,4.30
81.35,1.93,-2.29,1.94,-2.28,2.29,2.08,1.73,4.22,4.23,4.22
82.16,1.80,-2.35,1.79,-2.35,2.36,2.10,1.61,4.16,4.15,4.15
82.98,1.64,-2.43,1.64,-2.43,2.43,2.12,1.48,4.07,4.07,4.07
83.81,1.49,-2.50,1.49,-2.50,2.50,2.15,1.36,3.99,3.99,3.99
84.65,1.33,-2.58,1.34,-2.57,2.57,2.19,1.24,3.90,3.91,3.91
85.50,1.19,-2.63,1.19,-2.64,2.64,2.23,1.12,3.83,3.83,3.83
86.35,1.05,-2.70,1.05,-2.70,2.70,2.28,1.00,3.75,3.75,3.75
87.22,0.92,-2.75,0.92,-2.75,2.75,2.35,0.88,3.68,3.68,3.68
88.09,0.80,-2.79,0.80,-2.80,2.80,2.42,0.76,3.60,3.60,3.59
88.97,0.68,-2.83,0.69,-2.82,2.83,2.50,0.64,3.51,3.52,3.52
89.86,0.59,-2.84,0.59,-2.84,2.84,2.57,0.52,3.44,3.43,3.43
90.76,0.51,-2.84,0.51,-2.84,2.84,2.65,0.40,3.35,3.35,3.35
91.66,0.44,-2.82,0.45,-2.81,2.81,2.71,0.29,3.25,3.26,3.26
92.58,0.41,-2.77,0.41,-2.77,2.76,2.74,0.17,3.17,3.17,3.18
93.51,0.41,-2.69,0.40,-2.70,2.67,2.73,0.05,3.09,3.07,3.10
94.44,0.41,-2.61,0.43,-2.59,2.56,2.67,-0.06,2.97,2.99,3.02
95.39,0.48,-2.45,0.49,-2.44,2.42,2.55,-0.18,2.90,2.91,2.93
96.34,0.59,-2.24,0.58,-2.26,2.25,2.39,-0.29,2.85,2.84,2.84
97.30,0.69,-2.06,0.70,-2.05,2.07,2.19,-0.41,2.76,2.77,2.75
98.28,0.82,-1.84,0.82,-1.84,1.86,1.95,-0.52,2.69,2.68,2.66
99.26,0.94,-1.63,0.94,-1.63,1.65,1.71,-0.63,2.59,2.59,2.57
100.25,1.07,-1.41,1.08,-1.41,1.42,1.46,-0.74,2.49,2.50,2.48
101.25,1.23,-1.18,1.22,-1.18,1.18,1.21,-0.86,2.41,2.40,2.41
102.27,1.38,-0.95,1.38,-0.95,0.93,0.97,-0.97,2.31,2.31,2.33
103.29,1.54,-0.70,1.55,-0.70,0.68,0.74,-1.08,2.22,2.23,2.24
104.32,1.72,-0.45,1.73,-0.44,0.43,0.52,-1.18,2.15,2.16,2.17
105.37,1.91,-0.17,1.91,-0.18,0.18,0.31,-1.29,2.09,2.09,2.08
106.42,2.09,0.08,2.08,0.08,-0.07,0.12,-1.40,2.03,2.02,2.01
107.48,2.24,0.33,2.25,0.33,-0.31,-0.07,-1.50,1.94,1.95,1.92
108.56,2.40,0.56,2.40,0.56,-0.54,-0.25,-1.60,1.87,1.87,1.84
109.64,2.54,0.78,2.53,0.77,-0.76,-0.42,-1.70,1.79,1.77,1.76
110.74,2.64,0.97,2.65,0.97,-0.97,-0.58,-1.80,1.67,1.68,1.68
111.85,2.74,1.15,2.75,1.15,-1.17,-0.74,-1.89,1.57,1.58,1.59
112.97,2.85,1.34,2.85,1.34,-1.36,-0.89,-1.98,1.49,1.49,1.51
114.10,2.95,1.52,2.96,1.53,-1.54,-1.04,-2.07,1.41,1.42,1.43
115.24,3.06,1.73,3.06,1.72,-1.72,-1.18,-2.16,1.34,1.34,1.34
116.39,3.15,1.91,3.15,1.90,-1.90,-1.32,-2.24,1.25,1.25,1.24
117.55,3.22,2.06,3.23,2.07,-2.07,-1.46,-2.32,1.15,1.16,1.16
118.73,3.30,2.23,3.30,2.23,-2.23,-1.60,-2.39,1.07,1.07,1.07
119.92,3.38,2.39,3.38,2.39,-2.39,-1.73,-2.46,1.00,1.00,0.99
121.12,3.46,2.54,3.46,2.55,-2.53,-1.86,-2.53,0.93,0.93,0.92
122.33,3.53,2.70,3.53,2.69,-2.67,-1.99,-2.59,0.86,0.85,0.83
123.55,3.57,2.82,3.57,2.81,-2.81,-2.12,-2.65,0.76,0.76,0.76
124.79,3.60,2.92,3.60,2.92,-2.94,-2.24,-2.70,0.66,0.66,0.68
126.03,3.62,3.03,3.63,3.04,-3.06,-2.37,-2.75,0.56,0.57,0.59
127.29,3.67,3.16,3.68,3.17,-3.18,-2.49,-2.80,0.49,0.49,0.51
128.57,3.72,3.30,3.72,3.30,-3.29,-2.61,-2.84,0.43,0.43,0.43
129.85,3.77,3.43,3.76,3.42,-3.40,-2.73,-2.87,0.37,0.36,0.34
131.15,3.78,3.52,3.78,3.52,-3.50,-2.85,-2.91,0.28,0.28,0.26
132.46,3.78,3.60,3.79,3.61,-3.60,-2.96,-2.94,0.19,0.19,0.18
133.79,3.78,3.68,3.78,3.68,-3.69,-3.08,-2.96,0.10,0.10,0.10
135.12,3.78,3.76,3.78,3.76,-3.77,-3.19,-2.99,0.01,0.01,0.02
136.48,3.78,3.83,3.78,3.83,-3.84,-3.30,-3.01,-0.06,-0.06,-0.05
137.84,3.78,3.91,3.78,3.91,-3.92,-3.41,-3.03,-0.13,-0.13,-0.12
139.22,3.78,3.99,3.78,3.98,-3.99,-3.52,-3.04,-0.20,-0.20,-0.21
140.61,3.78,4.06,3.78,4.06,-4.06,-3.62,-3.06,-0.27,-0.27,-0.27
142.02,3.78,4.13,3.78,4.13,-4.13,-3.72,-3.07,-0.35,-0.35,-0.35
143.44,3.78,4.20,3.78,4.20,-4.20,-3.82,-3.08,-0.42,-0.42,-0.42
144.87,3.78,4.26,3.78,4.26,-4.27,-3.92,-3.09,-0.49,-0.49,-0.48
146.32,3.78,4.33,3.78,4.33,-4.34,-4.02,-3.11,-0.56,-0.56,-0.55
147.78,3.78,4.40,3.78,4.40,-4.40,-4.11,-3.12,-0.62,-0.62,-0.62
149.26,3.78,4.46,3.78,4.46,-4.46,-4.20,-3.13,-0.68,-0.68,-0.68
150.75,3.77,4.53,3.78,4.53,-4.52,-4.29,-3.14,-0.74,-0.74,-0.76
152.26,3.76,4.57,3.76,4.58,-4.56,-4.37,-3.15,-0.80,-0.80,-0.81
153.78,3.74,4.62,3.74,4.62,-4.60,-4.46,-3.16,-0.86,-0.86,-0.88
155.32,3.70,4.64,3.70,4.64,-4.63,-4.53,-3.18,-0.93,-0.93,-0.94
156.88,3.64,4.65,3.64,4.66,-4.66,-4.61,-3.20,-1.01,-1.01,-1.01
158.44,3.58,4.66,3.59,4.66,-4.68,-4.68,-3.21,-1.10,-1.09,-1.08
160.03,3.53,4.68,3.53,4.68,-4.70,-4.75,-3.23,-1.17,-1.17,-1.15
161.63,3.49,4.70,3.49,4.70,-4.72,-4.82,-3.25,-1.23,-1.23,-1.21
163.24,3.45,4.74,3.45,4.73,-4.74,-4.88,-3.28,-1.28,-1.28,-1.29
164.88,3.41,4.76,3.41,4.76,-4.75,-4.94,-3.30,-1.34,-1.34,-1.35
166.53,3.37,4.79,3.37,4.79,-4.77,-5.00,-3.33,-1.40,-1.40,-1.42
168.19,3.33,4.81,3.33,4.81,-4.79,-5.05,-3.36,-1.46,-1.47,-1.48
169.87,3.27,4.82,3.27,4.81,-4.82,-5.10,-3.40,-1.55,-1.55,-1.55
171.57,3.20,4.82,3.21,4.82,-4.84,-5.14,-3.43,-1.64,-1.64,-1.61
173.29,3.14,4.82,3.16,4.84,-4.86,-5.18,-3.47,-1.72,-1.70,-1.68
175.02,3.13,4.88,3.13,4.88,-4.88,-5.22,-3.51,-1.75,-1.75,-1.74
176.77,3.12,4.93,3.12,4.92,-4.90,-5.26,-3.56,-1.78,-1.79,-1.81
178.54,3.10,4.97,3.09,4.96,-4.92,-5.29,-3.61,-1.82,-1.84,-1.87
180.32,3.03,4.97,3.03,4.97,-4.95,-5.31,-3.66,-1.92,-1.92,-1.94
182.13,2.97,4.97,2.97,4.97,-4.98,-5.34,-3.71,-2.01,-2.01,-2.00
183.95,2.91,4.97,2.93,4.98,-5.01,-5.36,-3.77,-2.10,-2.09,-2.05
185.79,2.90,5.02,2.90,5.02,-5.05,-5.37,-3.82,-2.14,-2.15,-2.12
187.65,2.89,5.07,2.89,5.06,-5.08,-5.38,-3.89,-2.18,-2.19,-2.17
189.52,2.87,5.11,2.88,5.11,-5.10,-5.39,-3.95,-2.23,-2.23,-2.24
191.42,2.86,5.15,2.86,5.16,-5.13,-5.40,-4.02,-2.27,-2.27,-2.29
193.33,2.84,5.19,2.84,5.19,-5.16,-5.40,-4.09,-2.32,-2.32,-2.35
195.27,2.81,5.22,2.80,5.21,-5.20,-5.40,-4.16,-2.39,-2.40,-2.41
197.22,2.75,5.22,2.75,5.22,-5.23,-5.40,-4.23,-2.47,-2.48,-2.47
199.19,2.68,5.20,2.70,5.22,-5.25,-5.39,-4.30,-2.57,-2.55,-2.52
201.18,2.66,5.24,2.67,5.24,-5.27,-5.38,-4.38,-2.60,-2.59,-2.58
203.19,2.66,5.28,2.66,5.28,-5.28,-5.37,-4.46,-2.62,-2.62,-2.62
205.23,2.66,5.33,2.65,5.31,-5.29,-5.36,-4.54,-2.63,-2.64,-2.67
207.28,2.61,5.32,2.61,5.32,-5.30,-5.34,-4.62,-2.69,-2.69,-2.71
209.35,2.55,5.31,2.55,5.31,-5.31,-5.32,-4.70,-2.76,-2.76,-2.76
211.44,2.48,5.28,2.50,5.30,-5.32,-5.30,-4.77,-2.83,-2.82,-2.80
213.56,2.45,5.30,2.45,5.30,-5.32,-5.27,-4.85,-2.86,-2.86,-2.84
215.69,2.42,5.30,2.42,5.30,-5.31,-5.24,-4.93,-2.89,-2.89,-2.88
217.85,2.39,5.31,2.38,5.31,-5.30,-5.22,-5.01,-2.91,-2.91,-2.92
220.03,2.33,5.30,2.33,5.30,-5.28,-5.18,-5.08,-2.95,-2.95,-2.97
222.23,2.27,5.28,2.28,5.28,-5.26,-5.15,-5.15,-2.99,-2.99,-3.01
224.45,2.21,5.25,2.21,5.25,-5.25,-5.12,-5.22,-3.03,-3.04,-3.04
226.70,2.14,5.22,2.14,5.21,-5.22,-5.08,-5.28,-3.08,-3.08,-3.08
228.96,2.07,5.17,2.08,5.18,-5.20,-5.04,-5.34,-3.12,-3.12,-3.10
231.25,2.01,5.15,2.02,5.15,-5.16,-5.00,-5.39,-3.15,-3.15,-3.13
233.57,1.96,5.13,1.96,5.13,-5.13,-4.96,-5.44,-3.16,-3.16,-3.17
235.90,1.91,5.11,1.91,5.11,-5.09,-4.92,-5.48,-3.18,-3.18,-3.20
238.26,1.85,5.08,1.85,5.07,-5.06,-4.88,-5.51,-3.20,-3.21,-3.23
240.64,1.77,5.01,1.77,5.02,-5.02,-4.83,-5.54,-3.25,-3.25,-3.24
243.05,1.69,4.96,1.70,4.97,-4.98,-4.79,-5.56,-3.29,-3.29,-3.27
245.48,1.62,4.92,1.63,4.93,-4.94,-4.74,-5.57,-3.32,-3.31,-3.30
247.93,1.57,4.90,1.57,4.89,-4.89,-4.69,-5.57,-3.32,-3.32,-3.33
250.41,1.52,4.86,1.52,4.85,-4.84,-4.65,-5.56,-3.32,-3.32,-3.33
252.92,1.45,4.80,1.45,4.80,-4.78,-4.60,-5.55,-3.33,-3.34,-3.35
255.45,1.36,4.74,1.36,4.74,-4.73,-4.55,-5.53,-3.36,-3.36,-3.38
258.00,1.27,4.67,1.27,4.67,-4.67,-4.50,-5.49,-3.40,-3.39,-3.39
260.58,1.18,4.59,1.19,4.60,-4.61,-4.44,-5.45,-3.43,-3.42,-3.41
263.19,1.11,4.54,1.11,4.53,-4.55,-4.39,-5.41,-3.43,-3.44,-3.42
265.82,1.03,4.47,1.03,4.47,-4.48,-4.34,-5.35,-3.45,-3.45,-3.44
268.48,0.96,4.41,0.97,4.42,-4.42,-4.29,-5.29,-3.46,-3.46,-3.45
271.16,0.90,4.37,0.90,4.36,-4.36,-4.23,-5.22,-3.46,-3.46,-3.47
273.87,0.83,4.31,0.83,4.31,-4.30,-4.18,-5.15,-3.47,-3.47,-3.48
276.61,0.76,4.25,0.76,4.25,-4.24,-4.12,-5.07,-3.48,-3.48,-3.49
279.38,0.68,4.19,0.68,4.19,-4.18,-4.07,-4.98,-3.50,-3.50,-3.51
282.17,0.60,4.12,0.60,4.11,-4.11,-4.01,-4.89,-3.51,-3.51,-3.51
284.99,0.52,4.04,0.52,4.04,-4.04,-3.96,-4.80,-3.52,-3.52,-3.51
287.84,0.44,3.96,0.45,3.97,-3.97,-3.90,-4.70,-3.53,-3.52,-3.51
290.72,0.37,3.91,0.37,3.90,-3.90,-3.84,-4.61,-3.52,-3.53,-3.54
293.63,0.29,3.83,0.29,3.82,-3.83,-3.79,-4.51,-3.53,-3.54,-3.54
296.57,0.21,3.75,0.21,3.75,-3.76,-3.73,-4.41,-3.54,-3.54,-3.53
299.53,0.13,3.68,0.14,3.68,-3.69,-3.67,-4.30,-3.56,-3.55,-3.54
302.53,0.07,3.61,0.07,3.62,-3.62,-3.61,-4.20,-3.55,-3.55,-3.54
305.55,0.01,3.56,0.01,3.56,-3.56,-3.55,-4.10,-3.55,-3.55,-3.55
308.61,-0.06,3.49,-0.05,3.50,-3.49,-3.49,-4.00,-3.55,-3.55,-3.55
311.69,-0.12,3.44,-0.12,3.44,-3.42,-3.43,-3.89,-3.54,-3.54,-3.56
314.81,-0.19,3.37,-0.19,3.37,-3.36,-3.37,-3.79,-3.55,-3.55,-3.55
317.96,-0.26,3.30,-0.26,3.30,-3.29,-3.31,-3.69,-3.55,-3.55,-3.56
321.14,-0.34,3.22,-0.34,3.22,-3.23,-3.24,-3.59,-3.56,-3.57,-3.56
324.35,-0.42,3.15,-0.41,3.14,-3.16,-3.18,-3.49,-3.58,-3.58,-3.57
327.59,-0.49,3.06,-0.48,3.08,-3.09,-3.11,-3.40,-3.58,-3.58,-3.55
330.87,-0.54,3.02,-0.54,3.02,-3.03,-3.05,-3.30,-3.56,-3.56,-3.56
334.18,-0.59,2.98,-0.59,2.97,-2.96,-2.98,-3.21,-3.54,-3.55,-3.56
337.52,-0.65,2.91,-0.65,2.91,-2.89,-2.91,-3.12,-3.53,-3.54,-3.56
340.90,-0.73,2.83,-0.73,2.83,-2.82,-2.85,-3.03,-3.54,-3.54,-3.56
344.30,-0.81,2.74,-0.81,2.75,-2.74,-2.78,-2.94,-3.55,-3.55,-3.55
347.75,-0.89,2.66,-0.89,2.66,-2.67,-2.70,-2.86,-3.56,-3.55,-3.55
351.23,-0.96,2.59,-0.96,2.58,-2.59,-2.63,-2.78,-3.55,-3.55,-3.55
354.74,-1.04,2.50,-1.03,2.51,-2.51,-2.56,-2.70,-3.55,-3.55,-3.54
358.28,-1.11,2.43,-1.10,2.43,-2.44,-2.48,-2.62,-3.55,-3.54,-3.54
361.87,-1.17,2.37,-1.17,2.36,-2.37,-2.41,-2.54,-3.53,-3.54,-3.53
365.49,-1.24,2.29,-1.24,2.29,-2.29,-2.33,-2.47,-3.53,-3.53,-3.53
369.14,-1.30,2.22,-1.30,2.22,-2.22,-2.25,-2.39,-3.52,-3.52,-3.52
372.83,-1.37,2.15,-1.36,2.16,-2.15,-2.17,-2.32,-3.51,-3.51,-3.52
376.56,-1.43,2.09,-1.43,2.08,-2.07,-2.09,-2.26,-3.50,-3.50,-3.52
380.33,-1.51,2.01,-1.51,2.00,-2.00,-2.02,-2.19,-3.50,-3.50,-3.51
384.13,-1.59,1.92,-1.59,1.92,-1.92,-1.94,-2.13,-3.51,-3.51,-3.51
387.97,-1.67,1.83,-1.66,1.84,-1.85,-1.86,-2.06,-3.51,-3.51,-3.50
391.85,-1.73,1.77,-1.73,1.77,-1.78,-1.79,-2.00,-3.50,-3.51,-3.49
395.77,-1.79,1.71,-1.79,1.70,-1.71,-1.72,-1.94,-3.50,-3.50,-3.50
399.73,-1.85,1.64,-1.84,1.64,-1.65,-1.65,-1.89,-3.49,-3.49,-3.49
403.72,-1.89,1.58,-1.89,1.59,-1.59,-1.59,-1.83,-3.48,-3.48,-3.47
407.76,-1.93,1.55,-1.93,1.54,-1.54,-1.53,-1.78,-3.46,-3.47,-3.47
411.84,-1.97,1.50,-1.97,1.50,-1.49,-1.48,-1.73,-3.46,-3.46,-3.47
415.96,-2.01,1.45,-2.01,1.45,-1.45,-1.44,-1.68,-3.46,-3.47,-3.46
420.12,-2.05,1.41,-2.04,1.42,-1.42,-1.40,-1.63,-3.47,-3.47,-3.46
424.32,-2.07,1.39,-2.06,1.39,-1.40,-1.38,-1.58,-3.47,-3.46,-3.45
428.56,-2.07,1.37,-2.07,1.37,-1.38,-1.35,-1.54,-3.45,-3.45,-3.44
432.85,-2.07,1.36,-2.07,1.36,-1.37,-1.34,-1.50,-3.43,-3.44,-3.43
437.18,-2.07,1.36,-2.07,1.36,-1.36,-1.33,-1.46,-3.42,-3.42,-3.43
441.55,-2.07,1.36,-2.07,1.35,-1.35,-1.32,-1.42,-3.41,-3.41,-3.42
445.96,-2.07,1.35,-2.07,1.35,-1.34,-1.32,-1.38,-3.41,-3.41,-3.41
450.42,-2.07,1.34,-2.07,1.34,-1.33,-1.33,-1.34,-3.40,-3.40,-3.41
454.93,-2.07,1.33,-2.07,1.33,-1.32,-1.33,-1.31,-3.39,-3.39,-3.40
459.48,-2.07,1.32,-2.07,1.32,-1.31,-1.34,-1.28,-3.38,-3.38,-3.39
464.07,-2.07,1.30,-2.07,1.31,-1.30,-1.35,-1.25,-3.37,-3.37,-3.37
468.71,-2.07,1.30,-2.07,1.29,-1.30,-1.36,-1.22,-3.37,-3.37,-3.36
473.40,-2.07,1.29,-2.06,1.29,-1.31,-1.36,-1.19,-3.37,-3.37,-3.35
478.13,-2.05,1.30,-2.05,1.30,-1.32,-1.37,-1.16,-3.37,-3.37,-3.35
482.91,-2.02,1.32,-2.02,1.32,-1.33,-1.38,-1.14,-3.35,-3.35,-3.34
487.74,-1.99,1.34,-1.98,1.35,-1.35,-1.39,-1.12,-3.34,-3.33,-3.33
492.62,-1.94,1.38,-1.93,1.39,-1.37,-1.39,-1.10,-3.31,-3.30,-3.32
497.55,-1.89,1.42,-1.89,1.42,-1.39,-1.40,-1.08,-3.28,-3.28,-3.31
502.52,-1.84,1.46,-1.86,1.44,-1.42,-1.40,-1.06,-3.26,-3.28,-3.30
507.55,-1.84,1.45,-1.84,1.45,-1.45,-1.40,-1.05,-3.29,-3.29,-3.28
512.62,-1.84,1.44,-1.82,1.45,-1.48,-1.40,-1.03,-3.32,-3.30,-3.27
517.75,-1.80,1.46,-1.79,1.47,-1.51,-1.40,-1.02,-3.31,-3.30,-3.26
522.93,-1.73,1.52,-1.73,1.52,-1.53,-1.40,-1.01,-3.26,-3.26,-3.25
528.16,-1.67,1.57,-1.67,1.57,-1.55,-1.40,-1.00,-3.22,-3.22,-3.24
533.44,-1.62,1.61,-1.63,1.60,-1.56,-1.39,-0.99,-3.18,-3.19,-3.23
538.77,-1.62,1.60,-1.61,1.60,-1.57,-1.39,-0.98,-3.19,-3.19,-3.22
544.16,-1.62,1.58,-1.61,1.59,-1.58,-1.39,-0.98,-3.20,-3.19,-3.20
549.60,-1.62,1.57,-1.62,1.57,-1.58,-1.38,-0.97,-3.20,-3.20,-3.19
555.10,-1.62,1.55,-1.62,1.56,-1.57,-1.38,-0.97,-3.19,-3.19,-3.17
560.65,-1.62,1.54,-1.62,1.55,-1.56,-1.37,-0.97,-3.18,-3.18,-3.16
566.25,-1.62,1.54,-1.62,1.53,-1.54,-1.36,-0.97,-3.16,-3.16,-3.15
571.92,-1.62,1.53,-1.62,1.53,-1.53,-1.36,-0.97,-3.15,-3.15,-3.14
577.64,-1.62,1.52,-1.62,1.52,-1.52,-1.35,-0.98,-3.14,-3.14,-3.13
583.41,-1.62,1.51,-1.62,1.51,-1.51,-1.34,-0.98,-3.13,-3.13,-3.13
589.25,-1.62,1.50,-1.62,1.50,-1.50,-1.34,-0.99,-3.12,-3.12,-3.12
595.14,-1.62,1.49,-1.62,1.49,-1.48,-1.33,-0.99,-3.10,-3.10,-3.11
601.09,-1.63,1.47,-1.63,1.47,-1.46,-1.32,-1.00,-3.08,-3.08,-3.10
607.10,-1.65,1.43,-1.64,1.44,-1.42,-1.32,-1.01,-3.07,-3.06,-3.08
613.17,-1.66,1.40,-1.67,1.39,-1.37,-1.31,-1.02,-3.03,-3.04,-3.06
619.30,-1.72,1.32,-1.72,1.32,-1.31,-1.30,-1.03,-3.03,-3.02,-3.04
625.50,-1.78,1.24,-1.77,1.25,-1.24,-1.30,-1.04,-3.02,-3.02,-3.02
631.75,-1.84,1.17,-1.84,1.16,-1.17,-1.29,-1.06,-3.01,-3.01,-3.01
638.07,-1.91,1.08,-1.91,1.08,-1.10,-1.28,-1.07,-3.01,-3.01,-2.99
644.45,-1.97,1.00,-1.97,1.00,-1.03,-1.28,-1.09,-2.99,-2.99,-2.97
650.89,-2.03,0.93,-2.02,0.93,-0.95,-1.27,-1.10,-2.98,-2.97,-2.96
657.40,-2.06,0.87,-2.06,0.88,-0.88,-1.27,-1.12,-2.93,-2.93,-2.93
663.98,-2.09,0.83,-2.09,0.83,-0.81,-1.27,-1.14,-2.89,-2.89,-2.92
670.62,-2.12,0.78,-2.13,0.77,-0.74,-1.26,-1.16,-2.86,-2.87,-2.90
677.32,-2.19,0.69,-2.19,0.69,-0.68,-1.26,-1.18,-2.86,-2.86,-2.88
684.10,-2.25,0.61,-2.24,0.62,-0.62,-1.26,-1.20,-2.87,-2.86,-2.86
690.94,-2.29,0.55,-2.28,0.56,-0.58,-1.26,-1.22,-2.87,-2.86,-2.84
697.85,-2.29,0.53,-2.30,0.53,-0.56,-1.25,-1.25,-2.85,-2.85,-2.82
704.83,-2.29,0.52,-2.29,0.52,-0.55,-1.25,-1.27,-2.83,-2.83,-2.80
711.87,-2.26,0.53,-2.25,0.53,-0.55,-1.25,-1.30,-2.81,-2.80,-2.78
718.99,-2.19,0.58,-2.19,0.57,-0.58,-1.26,-1.33,-2.77,-2.77,-2.76
726.18,-2.11,0.64,-2.11,0.63,-0.62,-1.26,-1.35,-2.73,-2.73,-2.74
733.44,-2.03,0.70,-2.03,0.69,-0.67,-1.26,-1.38,-2.70,-2.70,-2.72
740.78,-1.96,0.75,-1.96,0.75,-0.74,-1.27,-1.41,-2.69,-2.69,-2.70
748.19,-1.88,0.81,-1.88,0.80,-0.80,-1.27,-1.44,-2.68,-2.68,-2.68
755.67,-1.80,0.87,-1.80,0.87,-0.88,-1.28,-1.48,-2.67,-2.67,-2.66
763.23,-1.71,0.94,-1.70,0.94,-0.95,-1.28,-1.51,-2.66,-2.65,-2.64
770.86,-1.60,1.03,-1.60,1.02,-1.02,-1.29,-1.54,-2.62,-2.63,-2.62
778.57,-1.50,1.11,-1.50,1.11,-1.10,-1.30,-1.57,-2.60,-2.60,-2.61
786.35,-1.40,1.19,-1.40,1.19,-1.18,-1.31,-1.61,-2.58,-2.58,-2.59
794.22,-1.30,1.26,-1.30,1.26,-1.26,-1.32,-1.64,-2.56,-2.56,-2.56
802.16,-1.20,1.34,-1.20,1.34,-1.34,-1.34,-1.68,-2.54,-2.54,-2.54
810.18,-1.10,1.42,-1.10,1.42,-1.42,-1.35,-1.71,-2.52,-2.52,-2.52
818.28,-1.00,1.50,-0.99,1.50,-1.50,-1.37,-1.75,-2.50,-2.49,-2.50
826.46,-0.90,1.58,-0.89,1.58,-1.57,-1.38,-1.78,-2.47,-2.47,-2.48
834.73,-0.79,1.66,-0.80,1.65,-1.64,-1.40,-1.81,-2.43,-2.44,-2.45
843.08,-0.72,1.71,-0.71,1.71,-1.71,-1.42,-1.85,-2.43,-2.43,-2.43
851.51,-0.64,1.77,-0.63,1.77,-1.77,-1.45,-1.88,-2.41,-2.41,-2.41
860.02,-0.56,1.82,-0.56,1.82,-1.82,-1.47,-1.91,-2.38,-2.38,-2.38
868.62,-0.48,1.87,-0.47,1.88,-1.87,-1.49,-1.94,-2.35,-2.34,-2.35
877.31,-0.40,1.93,-0.40,1.92,-1.91,-1.52,-1.97,-2.30,-2.31,-2.33
886.08,-0.34,1.96,-0.35,1.95,-1.94,-1.55,-1.99,-2.28,-2.29,-2.30
894.94,-0.31,1.97,-0.31,1.97,-1.98,-1.57,-2.02,-2.28,-2.28,-2.28
903.89,-0.28,1.97,-0.27,1.98,-2.00,-1.60,-2.04,-2.28,-2.27,-2.25
912.93,-0.22,2.00,-0.21,2.00,-2.03,-1.64,-2.06,-2.24,-2.24,-2.22
922.06,-0.15,2.03,-0.15,2.03,-2.04,-1.67,-2.07,-2.19,-2.18,-2.18
931.28,-0.08,2.07,-0.09,2.06,-2.04,-1.70,-2.08,-2.12,-2.13,-2.15
940.59,-0.04,2.08,-0.05,2.07,-2.04,-1.73,-2.09,-2.07,-2.08,-2.12
950.00,-0.04,2.05,-0.03,2.05,-2.02,-1.77,-2.10,-2.06,-2.06,-2.09
959.50,-0.04,2.02,-0.03,2.02,-2.01,-1.80,-2.10,-2.05,-2.04,-2.06
969.09,-0.04,1.98,-0.04,1.98,-1.99,-1.84,-2.09,-2.03,-2.03,-2.02
978.78,-0.04,1.95,-0.04,1.94,-1.97,-1.87,-2.09,-2.01,-2.01,-1.99
988.57,-0.04,1.91,-0.03,1.92,-1.95,-1.90,-2.07,-1.99,-1.98,-1.95
998.46,-0.01,1.91,-0.00,1.91,-1.93,-1.93,-2.06,-1.94,-1.94,-1.92
1008.44,0.04,1.92,0.04,1.92,-1.92,-1.96,-2.03,-1.88,-1.88,-1.88
1018.53,0.10,1.94,0.09,1.93,-1.91,-1.99,-2.01,-1.81,-1.82,-1.84
1028.71,0.13,1.93,0.13,1.93,-1.91,-2.01,-1.98,-1.78,-1.78,-1.80
1039.00,0.15,1.92,0.15,1.92,-1.91,-2.03,-1.94,-1.76,-1.76,-1.77
1049.39,0.17,1.90,0.18,1.91,-1.91,-2.05,-1.90,-1.73,-1.73,-1.73
1059.88,0.21,1.90,0.21,1.90,-1.90,-2.06,-1.86,-1.69,-1.69,-1.69
1070.48,0.25,1.89,0.25,1.89,-1.90,-2.07,-1.81,-1.64,-1.65,-1.64
1081.19,0.29,1.89,0.29,1.89,-1.89,-2.07,-1.76,-1.60,-1.60,-1.60
1092.00,0.33,1.88,0.33,1.88,-1.88,-2.06,-1.70,-1.55,-1.55,-1.55
1102.92,0.37,1.87,0.37,1.87,-1.88,-2.05,-1.64,-1.51,-1.51,-1.50
1113.95,0.41,1.87,0.42,1.87,-1.88,-2.03,-1.58,-1.46,-1.46,-1.46
1125.09,0.46,1.86,0.47,1.87,-1.87,-2.01,-1.51,-1.41,-1.40,-1.40
1136.34,0.52,1.87,0.52,1.86,-1.86,-1.97,-1.44,-1.34,-1.34,-1.35
1147.70,0.56,1.85,0.56,1.85,-1.84,-1.93,-1.37,-1.28,-1.28,-1.29
1159.18,0.59,1.82,0.59,1.83,-1.81,-1.89,-1.30,-1.22,-1.22,-1.23
1170.77,0.61,1.79,0.61,1.79,-1.78,-1.83,-1.22,-1.17,-1.17,-1.18
1182.48,0.63,1.75,0.63,1.74,-1.74,-1.77,-1.15,-1.11,-1.11,-1.12
1194.30,0.63,1.69,0.63,1.69,-1.69,-1.70,-1.07,-1.06,-1.06,-1.06
1206.25,0.63,1.62,0.63,1.63,-1.64,-1.62,-0.99,-1.01,-1.00,-0.99
1218.31,0.63,1.56,0.63,1.56,-1.58,-1.54,-0.91,-0.94,-0.94,-0.93
1230.49,0.63,1.50,0.63,1.50,-1.50,-1.46,-0.82,-0.87,-0.87,-0.87
1242.80,0.63,1.44,0.63,1.43,-1.43,-1.36,-0.74,-0.79,-0.80,-0.81
1255.22,0.61,1.35,0.62,1.35,-1.34,-1.27,-0.66,-0.73,-0.72,-0.74
1267.78,0.59,1.25,0.60,1.26,-1.25,-1.16,-0.57,-0.65,-0.65,-0.66
1280.45,0.57,1.16,0.56,1.15,-1.14,-1.06,-0.49,-0.57,-0.58,-0.59
1293.26,0.52,1.03,0.52,1.03,-1.04,-0.95,-0.40,-0.51,-0.51,-0.51
1306.19,0.47,0.91,0.48,0.91,-0.92,-0.83,-0.31,-0.45,-0.45,-0.44
1319.25,0.42,0.78,0.42,0.79,-0.80,-0.71,-0.23,-0.38,-0.38,-0.36
1332.45,0.38,0.67,0.38,0.67,-0.68,-0.59,-0.14,-0.30,-0.30,-0.29
1345.77,0.33,0.54,0.34,0.55,-0.55,-0.46,-0.05,-0.22,-0.21,-0.21
1359.23,0.29,0.42,0.28,0.41,-0.41,-0.33,0.04,-0.12,-0.13,-0.13
1372.82,0.22,0.27,0.23,0.27,-0.26,-0.19,0.12,-0.04,-0.03,-0.05
1386.55,0.14,0.11,0.15,0.12,-0.10,-0.04,0.21,0.04,0.05,0.03
1400.41,0.07,-0.04,0.06,-0.06,0.07,0.10,0.30,0.14,0.13,0.11
1414.42,-0.06,-0.25,-0.06,-0.24,0.26,0.26,0.39,0.20,0.20,0.19
1428.56,-0.19,-0.45,-0.18,-0.45,0.45,0.42,0.48,0.26,0.27,0.26
1442.85,-0.32,-0.66,-0.32,-0.66,0.65,0.59,0.57,0.34,0.34,0.34
1457.28,-0.45,-0.87,-0.45,-0.87,0.86,0.76,0.66,0.42,0.41,0.42
1471.85,-0.58,-1.07,-0.58,-1.07,1.07,0.94,0.75,0.50,0.50,0.49
1486.57,-0.71,-1.28,-0.70,-1.27,1.28,1.13,0.84,0.57,0.57,0.57
1501.43,-0.82,-1.47,-0.83,-1.48,1.48,1.33,0.93,0.66,0.65,0.65
1516.45,-0.94,-1.68,-0.94,-1.68,1.66,1.53,1.02,0.73,0.73,0.74
1531.61,-1.04,-1.87,-1.02,-1.85,1.84,1.73,1.11,0.80,0.82,0.83
1546.93,-1.09,-2.01,-1.09,-2.02,2.01,1.93,1.20,0.92,0.91,0.92
1562.40,-1.14,-2.15,-1.14,-2.15,2.16,2.13,1.30,1.02,1.01,1.01
1578.02,-1.19,-2.29,-1.19,-2.29,2.30,2.32,1.39,1.11,1.11,1.10
1593.80,-1.23,-2.41,-1.23,-2.42,2.42,2.49,1.48,1.19,1.19,1.18
1609.74,-1.26,-2.54,-1.25,-2.53,2.53,2.64,1.57,1.27,1.28,1.28
1625.84,-1.26,-2.64,-1.25,-2.63,2.63,2.76,1.66,1.37,1.38,1.38
1642.10,-1.22,-2.71,-1.23,-2.71,2.71,2.85,1.75,1.50,1.49,1.49
1658.52,-1.19,-2.78,-1.19,-2.78,2.79,2.91,1.84,1.60,1.60,1.59
1675.10,-1.14,-2.83,-1.14,-2.84,2.85,2.93,1.93,1.71,1.71,1.69
1691.85,-1.09,-2.88,-1.09,-2.89,2.89,2.93,2.02,1.81,1.80,1.79
1708.77,-1.04,-2.94,-1.02,-2.92,2.92,2.90,2.11,1.88,1.90,1.90
1725.86,-0.92,-2.94,-0.92,-2.94,2.92,2.85,2.19,2.00,2.00,2.02
1743.12,-0.79,-2.92,-0.80,-2.93,2.90,2.79,2.28,2.12,2.10,2.13
1760.55,-0.66,-2.91,-0.64,-2.89,2.87,2.72,2.36,2.21,2.22,2.25
1778.15,-0.47,-2.84,-0.46,-2.83,2.81,2.65,2.44,2.35,2.35,2.37
1795.94,-0.26,-2.74,-0.26,-2.75,2.74,2.59,2.52,2.49,2.48,2.48
1813.90,-0.05,-2.66,-0.05,-2.66,2.67,2.52,2.60,2.62,2.62,2.61
1832.03,0.16,-2.57,0.17,-2.57,2.59,2.47,2.67,2.75,2.75,2.73
1850.36,0.37,-2.49,0.37,-2.49,2.51,2.42,2.75,2.88,2.88,2.86
1868.86,0.57,-2.42,0.57,-2.42,2.44,2.38,2.82,3.01,3.01,2.99
1887.55,0.74,-2.38,0.75,-2.37,2.39,2.35,2.88,3.13,3.14,3.12
1906.42,0.91,-2.34,0.91,-2.34,2.35,2.33,2.94,3.27,3.26,3.25
1925.49,1.06,-2.32,1.06,-2.33,2.33,2.32,3.00,3.40,3.39,3.38
1944.74,1.19,-2.33,1.20,-2.32,2.33,2.31,3.06,3.52,3.53,3.52
1964.19,1.32,-2.33,1.32,-2.33,2.34,2.32,3.11,3.66,3.66,3.65
1983.83,1.44,-2.35,1.43,-2.36,2.35,2.33,3.15,3.80,3.79,3.79
2003.67,1.53,-2.39,1.53,-2.38,2.38,2.35,3.20,3.91,3.91,3.92
2023.71,1.62,-2.42,1.63,-2.42,2.40,2.37,3.24,4.02,4.02,4.04
2043.94,1.72,-2.44,1.72,-2.44,2.42,2.40,3.27,4.14,4.14,4.16
2064.38,1.82,-2.45,1.82,-2.45,2.44,2.43,3.30,4.26,4.26,4.27
2085.03,1.93,-2.46,1.93,-2.46,2.46,2.47,3.33,4.39,4.39,4.39
2105.88,2.03,-2.48,2.03,-2.48,2.48,2.52,3.36,4.51,4.51,4.51
2126.94,2.13,-2.50,2.14,-2.49,2.50,2.57,3.38,4.63,4.64,4.63
2148.20,2.24,-2.51,2.24,-2.51,2.52,2.62,3.40,4.76,4.76,4.75
2169.69,2.33,-2.54,2.33,-2.54,2.55,2.68,3.42,4.88,4.88,4.87
2191.38,2.41,-2.58,2.41,-2.58,2.58,2.74,3.43,5.00,5.00,4.99
2213.30,2.49,-2.62,2.49,-2.62,2.62,2.81,3.44,5.11,5.11,5.11
2235.43,2.55,-2.68,2.56,-2.67,2.67,2.88,3.45,5.22,5.22,5.23
2257.78,2.62,-2.72,2.62,-2.72,2.71,2.95,3.46,5.33,5.33,5.34
2280.36,2.68,-2.78,2.68,-2.78,2.77,3.03,3.47,5.45,5.45,5.46
2303.17,2.74,-2.83,2.75,-2.82,2.83,3.11,3.48,5.57,5.58,5.57
2326.20,2.81,-2.88,2.81,-2.88,2.89,3.19,3.49,5.70,5.70,5.69
2349.46,2.87,-2.94,2.86,-2.95,2.96,3.28,3.50,5.84,5.82,5.81
2372.95,2.88,-3.03,2.88,-3.03,3.04,3.37,3.50,5.92,5.92,5.91
2396.68,2.88,-3.12,2.89,-3.12,3.12,3.46,3.51,6.00,6.01,6.00
2420.65,2.88,-3.22,2.88,-3.21,3.21,3.55,3.52,6.09,6.09,6.10
2444.86,2.88,-3.31,2.88,-3.31,3.29,3.65,3.53,6.17,6.17,6.19
2469.31,2.88,-3.40,2.88,-3.40,3.38,3.74,3.55,6.26,6.26,6.28
2494.00,2.88,-3.50,2.88,-3.49,3.47,3.85,3.56,6.36,6.36,6.38
2518.94,2.88,-3.58,2.89,-3.57,3.57,3.95,3.58,6.46,6.46,6.46
2544.13,2.88,-3.65,2.88,-3.66,3.68,4.05,3.60,6.56,6.55,6.53
2569.57,2.86,-3.75,2.85,-3.76,3.79,4.16,3.62,6.65,6.64,6.61
2595.27,2.79,-3.90,2.80,-3.89,3.91,4.26,3.64,6.70,6.71,6.69
2621.22,2.73,-4.04,2.73,-4.04,4.04,4.37,3.67,6.77,6.77,6.77
2647.43,2.65,-4.19,2.65,-4.19,4.18,4.48,3.70,6.83,6.83,6.84
2673.90,2.56,-4.34,2.57,-4.34,4.34,4.58,3.73,6.90,6.90,6.90
2700.64,2.47,-4.49,2.47,-4.49,4.50,4.69,3.76,6.97,6.97,6.96
2727.65,2.37,-4.65,2.37,-4.66,4.66,4.79,3.80,7.04,7.03,7.02
2754.93,2.25,-4.83,2.25,-4.83,4.83,4.90,3.84,7.08,7.08,7.08
2782.48,2.13,-5.01,2.14,-5.00,4.99,5.00,3.89,7.13,7.13,7.14
2810.30,2.02,-5.17,2.02,-5.17,5.16,5.10,3.93,7.18,7.18,7.19
2838.40,1.90,-5.32,1.90,-5.32,5.33,5.20,3.99,7.23,7.23,7.22
2866.79,1.79,-5.46,1.79,-5.46,5.48,5.29,4.04,7.28,7.27,7.25
2895.46,1.68,-5.61,1.68,-5.60,5.62,5.38,4.10,7.30,7.31,7.29
2924.41,1.58,-5.74,1.58,-5.74,5.74,5.47,4.16,7.32,7.32,7.32
2953.65,1.48,-5.87,1.48,-5.87,5.84,5.55,4.22,7.32,7.32,7.35
2983.19,1.39,-5.99,1.39,-5.99,5.91,5.63,4.29,7.31,7.31,7.38
3013.02,1.31,-6.10,1.31,-6.10,5.97,5.70,4.36,7.28,7.28,7.41
3043.15,1.23,-6.20,1.24,-6.19,6.00,5.76,4.44,7.24,7.24,7.43
3073.58,1.18,-6.27,1.18,-6.28,6.02,5.82,4.52,7.20,7.20,7.45
3104.32,1.13,-6.35,1.13,-6.35,6.03,5.87,4.60,7.16,7.15,7.48
3135.36,1.08,-6.42,1.10,-6.40,6.02,5.91,4.68,7.10,7.12,7.50
3166.72,1.08,-6.43,1.08,-6.43,6.01,5.95,4.77,7.09,7.09,7.51
3198.38,1.08,-6.43,1.08,-6.43,6.00,5.98,4.85,7.08,7.08,7.51
3230.37,1.08,-6.43,1.08,-6.43,6.00,6.00,4.95,7.08,7.08,7.51
3262.67,1.08,-6.42,1.08,-6.42,6.00,6.02,5.04,7.08,7.08,7.50
3295.30,1.08,-6.42,1.08,-6.42,6.00,6.03,5.13,7.08,7.08,7.50
3328.25,1.08,-6.42,1.08,-6.42,6.00,6.04,5.23,7.08,7.08,7.50
3361.53,1.08,-6.41,1.08,-6.41,6.00,6.04,5.32,7.08,7.08,7.49
3395.15,1.08,-6.40,1.08,-6.40,6.00,6.03,5.42,7.08,7.08,7.48
3429.10,1.08,-6.38,1.08,-6.38,6.00,6.03,5.52,7.08,7.08,7.46
3463.39,1.08,-6.36,1.08,-6.36,6.00,6.02,5.61,7.08,7.08,7.44
3498.03,1.08,-6.35,1.08,-6.35,6.00,6.01,5.70,7.08,7.08,7.43
3533.01,1.08,-6.33,1.09,-6.32,6.00,5.99,5.79,7.08,7.09,7.41
3568.34,1.08,-6.30,1.09,-6.30,6.00,5.98,5.88,7.08,7.09,7.38
3604.02,1.08,-6.27,1.07,-6.28,6.00,5.97,5.96,7.08,7.07,7.35
3640.06,1.04,-6.28,1.04,-6.28,6.00,5.96,6.04,7.04,7.04,7.32
3676.46,0.97,-6.31,0.98,-6.31,6.00,5.95,6.11,6.97,6.98,7.28
3713.22,0.91,-6.34,0.91,-6.34,6.00,5.95,6.18,6.91,6.91,7.25
3750.36,0.84,-6.38,0.85,-6.37,6.00,5.95,6.24,6.84,6.85,7.22
3787.86,0.78,-6.40,0.78,-6.40,6.00,5.95,6.29,6.78,6.78,7.18
3825.74,0.72,-6.43,0.71,-6.44,6.00,5.96,6.33,6.72,6.71,7.15
3864.00,0.62,-6.49,0.63,-6.48,6.00,5.98,6.36,6.62,6.63,7.11
3902.64,0.52,-6.55,0.53,-6.55,6.00,5.99,6.39,6.52,6.53,7.07
3941.66,0.42,-6.61,0.42,-6.62,6.00,6.02,6.40,6.42,6.42,7.03
3981.08,0.30,-6.70,0.31,-6.69,6.00,6.04,6.40,6.30,6.31,7.00
4020.89,0.18,-6.78,0.19,-6.77,6.00,6.07,6.39,6.18,6.19,6.96
4061.10,0.06,-6.85,0.05,-6.86,6.00,6.10,6.37,6.06,6.05,6.91
4101.71,-0.09,-6.95,-0.09,-6.96,6.00,6.12,6.34,5.91,5.91,6.86
4142.73,-0.25,-7.07,-0.24,-7.06,6.00,6.14,6.29,5.75,5.76,6.82
4184.15,-0.40,-7.17,-0.40,-7.17,6.00,6.15,6.24,5.60,5.60,6.77
4226.00,-0.54,-7.27,-0.55,-7.28,6.00,6.15,6.18,5.46,5.45,6.73
4268.26,-0.69,-7.37,-0.68,-7.36,6.00,6.13,6.11,5.32,5.32,6.68
4310.94,-0.81,-7.44,-0.79,-7.42,6.02,6.10,6.02,5.21,5.23,6.63
4354.05,-0.86,-7.44,-0.87,-7.45,6.04,6.04,5.94,5.18,5.17,6.58
4397.59,-0.91,-7.44,-0.91,-7.44,6.05,5.96,5.84,5.14,5.14,6.53
4441.56,-0.92,-7.40,-0.92,-7.40,6.04,5.86,5.74,5.12,5.12,6.48
4485.98,-0.85,-7.28,-0.87,-7.30,5.99,5.74,5.63,5.15,5.13,6.43
4530.84,-0.78,-7.15,-0.72,-7.09,5.92,5.60,5.52,5.14,5.20,6.37
4576.15,-0.47,-6.79,-0.48,-6.80,5.80,5.44,5.40,5.33,5.32,6.32
4621.91,-0.16,-6.42,-0.18,-6.44,5.65,5.27,5.28,5.49,5.47,6.26
4668.13,0.17,-6.04,0.17,-6.04,5.45,5.08,5.16,5.63,5.62,6.21
4714.81,0.49,-5.66,0.51,-5.64,5.23,4.89,5.04,5.72,5.74,6.15
4761.96,0.84,-5.25,0.84,-5.25,4.97,4.70,4.92,5.82,5.82,6.09
4809.58,1.18,-4.86,1.16,-4.88,4.70,4.50,4.79,5.88,5.86,6.04
4857.67,1.44,-4.54,1.45,-4.54,4.42,4.31,4.67,5.86,5.86,5.98
4906.25,1.69,-4.23,1.70,-4.22,4.14,4.12,4.54,5.83,5.84,5.92
4955.31,1.93,-3.93,1.94,-3.92,3.89,3.94,4.42,5.82,5.82,5.86
5004.87,2.16,-3.64,2.17,-3.64,3.64,3.76,4.30,5.80,5.81,5.80
5054.91,2.40,-3.36,2.38,-3.38,3.39,3.59,4.18,5.80,5.78,5.76
5105.46,2.56,-3.15,2.57,-3.14,3.16,3.43,4.06,5.73,5.73,5.71
5156.52,2.72,-2.94,2.73,-2.93,2.94,3.28,3.95,5.66,5.67,5.66
5208.08,2.87,-2.74,2.87,-2.74,2.73,3.13,3.83,5.61,5.60,5.61
5260.16,3.01,-2.55,3.01,-2.55,2.54,2.99,3.72,5.55,5.55,5.56
5312.77,3.14,-2.37,3.14,-2.37,2.36,2.86,3.61,5.50,5.50,5.51
5365.89,3.26,-2.19,3.25,-2.20,2.19,2.73,3.51,5.45,5.44,5.45
5419.55,3.34,-2.05,3.35,-2.05,2.04,2.62,3.41,5.38,5.39,5.39
5473.75,3.42,-1.92,3.43,-1.91,1.91,2.50,3.31,5.33,5.34,5.34
5528.49,3.50,-1.78,3.49,-1.79,1.80,2.40,3.21,5.30,5.29,5.28
5583.77,3.55,-1.68,3.54,-1.69,1.72,2.30,3.12,5.27,5.25,5.23
5639.61,3.54,-1.63,3.55,-1.63,1.66,2.20,3.02,5.21,5.21,5.17
5696.00,3.53,-1.60,3.53,-1.60,1.64,2.12,2.94,5.17,5.16,5.13
5752.96,3.49,-1.59,3.47,-1.61,1.63,2.03,2.85,5.12,5.10,5.08
5810.49,3.41,-1.62,3.41,-1.63,1.63,1.95,2.77,5.05,5.04,5.03
5868.60,3.33,-1.65,3.33,-1.66,1.65,1.87,2.69,4.98,4.97,4.98
5927.28,3.26,-1.67,3.25,-1.69,1.65,1.80,2.61,4.92,4.90,4.93
5986.56,3.20,-1.68,3.18,-1.70,1.65,1.73,2.54,4.86,4.83,4.88
6046.42,3.13,-1.68,3.12,-1.68,1.64,1.67,2.46,4.77,4.76,4.81
6106.89,3.11,-1.61,3.08,-1.64,1.61,1.61,2.39,4.73,4.70,4.72
6167.96,3.11,-1.53,3.06,-1.58,1.57,1.55,2.33,4.68,4.63,4.64
6229.64,3.11,-1.45,3.05,-1.50,1.52,1.49,2.26,4.63,4.57,4.56
6291.93,3.11,-1.37,3.03,-1.44,1.46,1.44,2.20,4.57,4.49,4.48
6354.85,3.11,-1.29,3.00,-1.38,1.40,1.39,2.14,4.51,4.40,4.40
6418.40,3.11,-1.21,2.97,-1.33,1.34,1.34,2.08,4.45,4.31,4.32
6482.58,3.11,-1.12,2.92,-1.29,1.30,1.29,2.03,4.41,4.21,4.23
6547.41,3.11,-1.04,2.85,-1.26,1.26,1.24,1.98,4.37,4.12,4.15
6612.88,3.11,-0.96,2.78,-1.24,1.24,1.20,1.92,4.36,4.02,4.07
6679.01,3.11,-0.88,2.68,-1.23,1.24,1.16,1.87,4.35,3.92,3.99
6745.80,3.11,-0.78,2.56,-1.23,1.25,1.12,1.83,4.36,3.81,3.89
6813.26,3.11,-0.67,2.42,-1.25,1.27,1.08,1.78,4.38,3.69,3.78
6881.39,3.07,-0.60,2.25,-1.29,1.31,1.05,1.74,4.38,3.56,3.67
6950.21,3.02,-0.55,2.06,-1.34,1.35,1.01,1.69,4.37,3.41,3.57
7019.71,2.98,-0.48,1.87,-1.40,1.40,0.98,1.65,4.38,3.26,3.46
7089.91,2.90,-0.45,1.67,-1.45,1.45,0.95,1.61,4.35,3.12,3.35
7160.81,2.83,-0.39,1.48,-1.50,1.49,0.92,1.57,4.33,2.97,3.22
7232.41,2.73,-0.35,1.28,-1.55,1.54,0.89,1.54,4.27,2.82,3.08
7304.74,2.56,-0.38,1.10,-1.58,1.57,0.86,1.50,4.13,2.67,2.94
7377.79,2.39,-0.41,0.94,-1.60,1.59,0.83,1.46,3.98,2.52,2.80
7451.56,2.22,-0.44,0.79,-1.60,1.60,0.80,1.43,3.82,2.38,2.66
7526.08,2.05,-0.47,0.65,-1.59,1.59,0.78,1.39,3.64,2.24,2.52
7601.34,1.88,-0.50,0.52,-1.58,1.58,0.75,1.36,3.46,2.09,2.38
7677.35,1.61,-0.64,0.40,-1.55,1.55,0.73,1.32,3.17,1.95,2.25
7754.13,1.33,-0.78,0.28,-1.52,1.52,0.71,1.29,2.85,1.80,2.11
7831.67,1.02,-0.95,0.17,-1.48,1.48,0.68,1.25,2.51,1.65,1.97
7909.98,0.70,-1.14,0.06,-1.44,1.44,0.66,1.22,2.15,1.50,1.84
7989.08,0.37,-1.33,-0.05,-1.40,1.40,0.64,1.19,1.77,1.35,1.70
8068.98,-0.04,-1.58,-0.16,-1.36,1.36,0.62,1.15,1.32,1.20,1.54
8149.67,-0.44,-1.81,-0.27,-1.31,1.31,0.60,1.12,0.88,1.05,1.37
8231.16,-0.80,-2.01,-0.38,-1.27,1.27,0.58,1.08,0.48,0.90,1.21
8313.47,-1.16,-2.20,-0.50,-1.23,1.24,0.56,1.05,0.08,0.74,1.04
8396.61,-1.57,-2.44,-0.62,-1.20,1.21,0.55,1.01,-0.36,0.59,0.87
8480.57,-1.95,-2.66,-0.75,-1.18,1.18,0.53,0.98,-0.77,0.43,0.71
8565.38,-2.31,-2.83,-0.88,-1.15,1.16,0.51,0.95,-1.15,0.27,0.52
8651.03,-2.65,-2.99,-1.02,-1.14,1.14,0.50,0.91,-1.51,0.11,0.34
8737.54,-2.98,-3.13,-1.17,-1.12,1.13,0.48,0.87,-1.85,-0.04,0.15
8824.92,-3.31,-3.27,-1.32,-1.12,1.12,0.47,0.84,-2.19,-0.20,-0.04
8913.17,-3.54,-3.31,-1.47,-1.11,1.11,0.45,0.80,-2.43,-0.36,-0.23
9002.30,-3.77,-3.35,-1.63,-1.11,1.11,0.44,0.77,-2.66,-0.52,-0.42
9092.32,-4.00,-3.38,-1.78,-1.10,1.10,0.42,0.73,-2.90,-0.68,-0.62
9183.25,-4.18,-3.35,-1.94,-1.10,1.10,0.41,0.70,-3.08,-0.84,-0.83
9275.08,-4.36,-3.32,-2.10,-1.10,1.10,0.40,0.66,-3.26,-1.00,-1.04
9367.83,-4.52,-3.27,-2.26,-1.10,1.10,0.38,0.63,-3.42,-1.16,-1.25
9461.51,-4.63,-3.17,-2.41,-1.10,1.10,0.37,0.59,-3.53,-1.31,-1.46
9556.12,-4.73,-3.06,-2.57,-1.10,1.10,0.36,0.56,-3.62,-1.47,-1.67
9651.68,-4.83,-2.93,-2.73,-1.10,1.11,0.35,0.52,-3.72,-1.62,-1.90
9748.20,-4.92,-2.80,-2.89,-1.10,1.11,0.34,0.49,-3.81,-1.79,-2.12
9845.68,-5.02,-2.68,-3.06,-1.10,1.11,0.33,0.46,-3.91,-1.95,-2.34
9944.14,-5.10,-2.54,-3.22,-1.11,1.10,0.32,0.42,-4.00,-2.13,-2.56
10043.58,-5.16,-2.38,-3.39,-1.11,1.08,0.31,0.39,-4.08,-2.31,-2.78
10144.02,-5.22,-2.24,-3.54,-1.07,1.06,0.30,0.35,-4.16,-2.48,-2.98
10245.46,-5.29,-2.11,-3.69,-1.03,1.03,0.29,0.32,-4.26,-2.66,-3.18
10347.91,-5.35,-1.97,-3.83,-0.98,0.99,0.28,0.29,-4.36,-2.84,-3.38
10451.39,-5.42,-1.84,-3.98,-0.94,0.95,0.27,0.25,-4.47,-3.04,-3.58
10555.91,-5.48,-1.70,-4.14,-0.89,0.90,0.26,0.22,-4.58,-3.24,-3.78
10661.46,-5.55,-1.57,-4.29,-0.84,0.85,0.25,0.19,-4.70,-3.44,-3.98
10768.08,-5.62,-1.43,-4.44,-0.80,0.80,0.24,0.15,-4.82,-3.64,-4.19
10875.76,-5.68,-1.28,-4.59,-0.75,0.75,0.23,0.12,-4.93,-3.85,-4.40
10984.52,-5.75,-1.14,-4.75,-0.69,0.69,0.23,0.09,-5.05,-4.05,-4.61
11094.36,-5.81,-0.99,-4.90,-0.64,0.64,0.22,0.05,-5.16,-4.26,-4.82
11205.31,-5.89,-0.86,-5.06,-0.59,0.59,0.21,0.02,-5.30,-4.47,-5.03
11317.36,-5.96,-0.71,-5.22,-0.54,0.54,0.20,-0.02,-5.42,-4.68,-5.25
11430.53,-6.04,-0.57,-5.38,-0.48,0.48,0.20,-0.05,-5.56,-4.89,-5.47
11544.84,-6.07,-0.38,-5.54,-0.43,0.43,0.19,-0.09,-5.64,-5.11,-5.69
11660.29,-6.10,-0.19,-5.70,-0.37,0.37,0.18,-0.13,-5.73,-5.33,-5.91
11776.89,-6.12,0.01,-5.86,-0.31,0.31,0.18,-0.16,-5.81,-5.55,-6.13
11894.66,-6.12,0.20,-6.02,-0.25,0.25,0.17,-0.20,-5.87,-5.77,-6.32
12013.60,-6.12,0.40,-6.18,-0.19,0.19,0.16,-0.24,-5.93,-5.99,-6.52
12133.74,-6.12,0.59,-6.35,-0.13,0.13,0.16,-0.29,-5.99,-6.22,-6.71
12255.08,-6.07,0.83,-6.51,-0.07,0.07,0.15,-0.33,-6.00,-6.45,-6.90
12377.63,-6.03,1.06,-6.68,-0.00,0.00,0.15,-0.38,-6.02,-6.68,-7.09
12501.41,-6.01,1.27,-6.85,0.06,-0.06,0.14,-0.42,-6.07,-6.91,-7.28
12626.42,-6.06,1.42,-7.01,0.13,-0.13,0.14,-0.47,-6.18,-7.14,-7.48
12752.68,-6.10,1.57,-7.18,0.19,-0.19,0.13,-0.52,-6.29,-7.38,-7.67
12880.21,-6.15,1.72,-7.35,0.26,-0.26,0.13,-0.58,-6.41,-7.61,-7.87
13009.01,-6.23,1.83,-7.52,0.33,-0.33,0.12,-0.64,-6.56,-7.85,-8.06
13139.10,-6.31,1.95,-7.70,0.40,-0.40,0.12,-0.70,-6.71,-8.10,-8.26
13270.49,-6.40,2.05,-7.87,0.47,-0.47,0.11,-0.77,-6.87,-8.34,-8.45
13403.20,-6.52,2.11,-8.04,0.54,-0.54,0.11,-0.84,-7.06,-8.59,-8.63
13537.23,-6.64,2.17,-8.22,0.62,-0.62,0.10,-0.91,-7.25,-8.83,-8.81
13672.60,-6.78,2.22,-8.39,0.69,-0.69,0.10,-0.99,-7.47,-9.08,-9.00
13809.33,-6.93,2.25,-8.57,0.77,-0.77,0.09,-1.08,-7.69,-9.33,-9.18
13947.42,-7.09,2.27,-8.75,0.84,-0.84,0.09,-1.17,-7.93,-9.59,-9.36
14086.90,-7.26,2.28,-8.93,0.92,-0.92,0.09,-1.26,-8.18,-9.84,-9.54
14227.77,-7.44,2.27,-9.10,1.00,-1.00,0.08,-1.37,-8.43,-10.10,-9.71
14370.04,-7.62,2.26,-9.29,1.08,-1.08,0.08,-1.48,-8.69,-10.36,-9.88
14513.74,-7.88,2.17,-9.47,1.16,-1.16,0.07,-1.60,-9.03,-10.62,-10.05
14658.88,-8.16,2.06,-9.65,1.24,-1.24,0.07,-1.72,-9.40,-10.89,-10.22
14805.47,-8.44,1.95,-9.83,1.32,-1.32,0.07,-1.85,-9.76,-11.15,-10.39
14953.52,-8.73,1.83,-10.02,1.40,-1.40,0.06,-1.98,-10.13,-11.42,-10.56
15103.06,-9.06,1.71,-10.20,1.49,-1.49,0.06,-2.11,-10.55,-11.69,-10.77
15254.09,-9.44,1.55,-10.39,1.58,-1.58,0.06,-2.24,-11.01,-11.96,-10.99
15406.63,-9.82,1.40,-10.58,1.66,-1.66,0.05,-2.36,-11.48,-12.24,-11.22
15560.70,-10.20,1.24,-10.76,1.75,-1.75,0.05,-2.46,-11.95,-12.51,-11.44
15716.30,-10.58,1.09,-10.95,1.84,-1.84,0.05,-2.54,-12.42,-12.79,-11.67
15873.47,-10.97,0.92,-11.14,1.93,-1.93,0.05,-2.59,-12.90,-13.07,-11.89
16032.20,-11.27,0.86,-11.33,2.02,-2.02,0.04,-2.61,-13.29,-13.35,-12.13
16192.52,-11.55,0.90,-11.53,2.11,-2.11,0.04,-2.59,-13.66,-13.64,-12.45
16354.45,-11.80,0.96,-11.72,2.20,-2.20,0.04,-2.52,-14.00,-13.92,-12.76
16517.99,-11.97,1.10,-11.91,2.30,-2.30,0.04,-2.42,-14.27,-14.21,-13.07
16683.17,-12.13,1.26,-12.11,2.39,-2.39,0.03,-2.29,-14.52,-14.50,-13.39
16850.01,-12.31,1.39,-12.30,2.49,-2.49,0.03,-2.13,-14.80,-14.80,-13.70
17018.51,-12.49,1.54,-12.50,2.59,-2.59,0.03,-1.95,-15.08,-15.09,-14.03
17188.69,-12.67,1.78,-12.70,2.69,-2.69,0.03,-1.77,-15.35,-15.39,-14.45
17360.58,-12.91,1.97,-12.90,2.79,-2.79,0.02,-1.58,-15.69,-15.68,-14.88
17534.18,-13.22,2.09,-13.10,2.89,-2.89,0.02,-1.41,-16.10,-15.98,-15.31
17709.53,-13.53,2.20,-13.30,2.99,-2.99,0.02,-1.24,-16.52,-16.29,-15.73
17886.62,-13.91,2.25,-13.50,3.09,-3.09,0.02,-1.08,-17.00,-16.59,-16.16
18065.49,-14.30,2.33,-13.70,3.19,-3.19,0.02,-0.94,-17.49,-16.90,-16.63
18246.14,-14.68,2.49,-13.91,3.30,-3.30,0.02,-0.81,-17.98,-17.21,-17.17
18428.60,-15.03,2.69,-14.11,3.41,-3.41,0.01,-0.70,-18.43,-17.52,-17.72
18612.89,-15.32,2.94,-14.32,3.51,-3.51,0.01,-0.60,-18.83,-17.83,-18.26
18799.02,-15.60,3.21,-14.52,3.62,-3.62,0.01,-0.51,-19.22,-18.14,-18.81
18987.01,-15.71,3.64,-14.73,3.73,-3.73,0.01,-0.43,-19.44,-18.46,-19.35
19176.88,-15.79,4.19,-14.94,3.84,-3.84,0.01,-0.36,-19.63,-18.78,-19.98
19368.65,-15.87,4.75,-15.15,3.95,-3.95,0.01,-0.30,-19.82,-19.10,-20.62
19562.33,-15.94,5.31,-15.36,4.06,-4.06,0.01,-0.25,-20.00,-19.42,-21.25
19757.96,-16.02,5.86,-15.57,4.18,-4.18,0.01,-0.20,-20.19,-19.75,-21.88
19955.54,-16.10,6.42,-15.78,4.29,-4.29,0.00,-0.16,-20.39,-20.07,-22.52
